ID path;Simulation time (s);Distance travelled (m);Mean speed (m/s);Number of steps;Mean step frequency (step/s);Percent of left foot in front;Walked path;Number of areas covered;Average time in area (s);Nbr errors; Nbr wrong areas;Total error time (s);Total error distance (m)A;550,778;6,950448;0,01261933;0;-1;1;3;183,5927;0;0;0;0
ID path;Simulation time (s);Distance travelled (m);Mean speed (m/s);Number of steps;Mean step frequency (step/s);Percent of left foot in front;Walked path;Number of areas covered;Average time in area (s);Nbr errors; Nbr wrong areas;Total error time (s);Total error distance (m)A;34,64315;23,85568;0,6886119;0;-1;1;10;3,464315;1;1;-34,62953;0
ID path;Simulation time (s);Distance travelled (m);Mean speed (m/s);Number of steps;Mean step frequency (step/s);Percent of left foot in front;Walked path;Number of areas covered;Average time in area (s);Nbr errors; Nbr wrong areas;Total error time (s);Total error distance (m)A;15,53538;16,34927;1,05239;0;-1;1;7;2,21934;0;0;0;0
ID path;Simulation time (s);Distance travelled (m);Mean speed (m/s);Number of steps;Mean step frequency (step/s);Percent of left foot in front;Walked path;Number of areas covered;Average time in area (s);Nbr errors; Nbr wrong areas;Total error time (s);Total error distance (m)A;11,87278;13,63997;1,148844;0;-1;1;6;1,978796;0;0;0;0
ID path;Simulation time (s);Distance travelled (m);Mean speed (m/s);Number of steps;Mean step frequency (step/s);Percent of left foot in front;Walked path;Number of areas covered;Average time in area (s);Nbr errors; Nbr wrong areas;Total error time (s);Total error distance (m)A;15,78989;20,5069;1,298736;0;-1;1;9;1,754432;0;0;0;0
ID path;Simulation time (s);Distance travelled (m);Mean speed (m/s);Number of steps;Mean step frequency (step/s);Percent of left foot in front;Walked path;Number of areas covered;Average time in area (s);Nbr errors; Nbr wrong areas;Total error time (s);Total error distance (m)A;14,24941;8,799109;0,6175067;0;-1;1;4;3,562353;0;0;0;0
ID path;Simulation time (s);Distance travelled (m);Mean speed (m/s);Number of steps;Mean step frequency (step/s);Percent of left foot in front;Walked path;Number of areas covered;Average time in area (s);Nbr errors; Nbr wrong areas;Total error time (s);Total error distance (m)A;17,82586;17,5003;0,9817361;0;-1;1;8;2,228233;1;1;-17,81316;0
ID path;Simulation time (s);Distance travelled (m);Mean speed (m/s);Number of steps;Mean step frequency (step/s);Percent of left foot in front;Walked path;Number of areas covered;Average time in area (s);Nbr errors; Nbr wrong areas;Total error time (s);Total error distance (m)A;7,566944;3,041188;0,4019045;0;-1;1;2;3,783472;0;0;0;0
ID path;Simulation time (s);Distance travelled (m);Mean speed (m/s);Number of steps;Mean step frequency (step/s);Percent of left foot in front;Walked path;Number of areas covered;Average time in area (s);Nbr errors; Nbr wrong areas;Total error time (s);Total error distance (m)A;24,57016;14,08467;0,5732428;0;-1;1;6;4,095026;0;0;0;0
ID path;Simulation time (s);Distance travelled (m);Mean speed (m/s);Number of steps;Mean step frequency (step/s);Percent of left foot in front;Walked path;Number of areas covered;Average time in area (s);Nbr errors; Nbr wrong areas;Total error time (s);Total error distance (m)A;50,58775;18,56273;0,3669413;0;-1;1;10;5,058774;3;3;10,04816;0
ID path;Simulation time (s);Distance travelled (m);Mean speed (m/s);Number of steps;Mean step frequency (step/s);Percent of left foot in front;Walked path;Number of areas covered;Average time in area (s);Nbr errors; Nbr wrong areas;Total error time (s);Total error distance (m)A;9,172141;8,280086;0,9027429;0;-1;1;4;2,293035;1;1;-4,848206;0
ID path;Simulation time (s);Distance travelled (m);Mean speed (m/s);Number of steps;Mean step frequency (step/s);Percent of left foot in front;Walked path;Number of areas covered;Average time in area (s);Nbr errors; Nbr wrong areas;Total error time (s);Total error distance (m)A;12,35802;7,849304;0,6351585;0;-1;1;4;3,089506;1;1;-4,227859;0
ID path;Simulation time (s);Distance travelled (m);Mean speed (m/s);Number of steps;Mean step frequency (step/s);Percent of left foot in front;Walked path;Number of areas covered;Average time in area (s);Nbr errors; Nbr wrong areas;Total error time (s);Total error distance (m)A;15,36436;18,24021;1,187176;0;-1;1;6;2,560727;1;6;-2,025377;7,09543
ID path;Simulation time (s);Distance travelled (m);Mean speed (m/s);Number of steps;Mean step frequency (step/s);Percent of left foot in front;Walked path;Number of areas covered;Average time in area (s);Nbr errors; Nbr wrong areas;Total error time (s);Total error distance (m)A;65,14105;39,69992;0,6094455;0;-1;1;16;4,071316;1;4;11,45511;4,842078
ID path;Simulation time (s);Distance travelled (m);Mean speed (m/s);Number of steps;Mean step frequency (step/s);Percent of left foot in front;Walked path;Number of areas covered;Average time in area (s);Nbr errors; Nbr wrong areas;Total error time (s);Total error distance (m)A;53,39838;17,32175;0,3243872;0;-1;1;8;6,674798;0;0;0;0
ID path;Simulation time (s);Distance travelled (m);Mean speed (m/s);Number of steps;Mean step frequency (step/s);Percent of left foot in front;Walked path;Number of areas covered;Average time in area (s);Nbr errors; Nbr wrong areas;Total error time (s);Total error distance (m)A;43,34975;19,18112;0,4424737;0;-1;1;9;4,816638;0;0;0;0
ID path;Simulation time (s);Distance travelled (m);Mean speed (m/s);Number of steps;Mean step frequency (step/s);Percent of left foot in front;Walked path;Number of areas covered;Average time in area (s);Nbr errors; Nbr wrong areas;Total error time (s);Total error distance (m)A;20,58791;7,56466;0,3674321;0;-1;1;4;5,146978;0;0;0;0
ID path;Simulation time (s);Distance travelled (m);Mean speed (m/s);Number of steps;Mean step frequency (step/s);Percent of left foot in front;Walked path;Number of areas covered;Average time in area (s);Nbr errors; Nbr wrong areas;Total error time (s);Total error distance (m)A;21,89865;14,66837;0,6698298;0;-1;1;6;3,649775;1;3;-15,99763;3,3954
ID path;Simulation time (s);Distance travelled (m);Mean speed (m/s);Number of steps;Mean step frequency (step/s);Percent of left foot in front;Walked path;Number of areas covered;Average time in area (s);Nbr errors; Nbr wrong areas;Total error time (s);Total error distance (m)A;49,58341;8,809485;0,17767;0;-1;1;4;12,39585;0;0;0;0
ID path;Simulation time (s);Distance travelled (m);Mean speed (m/s);Number of steps;Mean step frequency (step/s);Percent of left foot in front;Walked path;Number of areas covered;Average time in area (s);Nbr errors; Nbr wrong areas;Total error time (s);Total error distance (m)A;64,37931;7,22138;0,1121693;0;-1;1;4;16,09483;0;0;0;0
ID path;Simulation time (s);Distance travelled (m);Mean speed (m/s);Number of steps;Mean step frequency (step/s);Percent of left foot in front;Walked path;Number of areas covered;Average time in area (s);Nbr errors; Nbr wrong areas;Total error time (s);Total error distance (m)A;62,92926;6,164035;0,09795181;0;-1;1;4;15,73231;0;0;0;0
ID path;Simulation time (s);Distance travelled (m);Mean speed (m/s);Number of steps;Mean step frequency (step/s);Percent of left foot in front;Walked path;Number of areas covered;Average time in area (s);Nbr errors; Nbr wrong areas;Total error time (s);Total error distance (m)A;15,10854;12,10245;0,8010332;0;-1;1;5;3,021709;0;0;0;0
ID path;Simulation time (s);Distance travelled (m);Mean speed (m/s);Number of steps;Mean step frequency (step/s);Percent of left foot in front;Walked path;Number of areas covered;Average time in area (s);Nbr errors; Nbr wrong areas;Total error time (s);Total error distance (m)A;18,34019;13,67688;0,745733;0;-1;1;6;3,056698;0;0;0;0
ID path;Simulation time (s);Distance travelled (m);Mean speed (m/s);Number of steps;Mean step frequency (step/s);Percent of left foot in front;Walked path;Number of areas covered;Average time in area (s);Nbr errors; Nbr wrong areas;Total error time (s);Total error distance (m)A;41,14172;29,53441;0,7178699;0;-1;1;12;3,428477;2;2;-38,60556;0
ID path;Simulation time (s);Distance travelled (m);Mean speed (m/s);Number of steps;Mean step frequency (step/s);Percent of left foot in front;Walked path;Number of areas covered;Average time in area (s);Nbr errors; Nbr wrong areas;Total error time (s);Total error distance (m)B;19,23161;13,24196;0,6885519;4;0,3225045;0,1486726;7;2,747373;0;0;0;0
ID path;Simulation time (s);Distance travelled (m);Mean speed (m/s);Number of steps;Mean step frequency (step/s);Percent of left foot in front;Walked path;Number of areas covered;Average time in area (s);Nbr errors; Nbr wrong areas;Total error time (s);Total error distance (m)B;26,85019;18,63245;0,6939411;2;0,1218529;0,2815014;9;2,983355;0;0;0;0
ID path;Simulation time (s);Distance travelled (m);Mean speed (m/s);Number of steps;Mean step frequency (step/s);Percent of left foot in front;Walked path;Number of areas covered;Average time in area (s);Nbr errors; Nbr wrong areas;Total error time (s);Total error distance (m)B;29,09839;20,32303;0,6984247;12;0,5380726;0,2714286;9;3,233154;0;0;0;0
ID path;Simulation time (s);Distance travelled (m);Mean speed (m/s);Number of steps;Mean step frequency (step/s);Percent of left foot in front;Walked path;Number of areas covered;Average time in area (s);Nbr errors; Nbr wrong areas;Total error time (s);Total error distance (m)B;21,32407;14,19529;0,6656933;10;0,6630423;0,3896774;7;3,046296;0;0;0;0
ID path;Simulation time (s);Distance travelled (m);Mean speed (m/s);Number of steps;Mean step frequency (step/s);Percent of left foot in front;Walked path;Number of areas covered;Average time in area (s);Nbr errors; Nbr wrong areas;Total error time (s);Total error distance (m)B;11,2108;7,51707;0,6705205;6;1,021543;0,494898;5;2,242159;0;0;0;0
ID path;Simulation time (s);Distance travelled (m);Mean speed (m/s);Number of steps;Mean step frequency (step/s);Percent of left foot in front;Walked path;Number of areas covered;Average time in area (s);Nbr errors; Nbr wrong areas;Total error time (s);Total error distance (m)B;29,10052;20,03956;0,6886322;16;0,7148326;0,295709;9;3,233391;0;0;0;0
ID path;Simulation time (s);Distance travelled (m);Mean speed (m/s);Number of steps;Mean step frequency (step/s);Percent of left foot in front;Walked path;Number of areas covered;Average time in area (s);Nbr errors; Nbr wrong areas;Total error time (s);Total error distance (m)B;66,99551;18,00681;0,2687764;0;-1;1;8;8,374438;0;0;0;0
ID path;Simulation time (s);Distance travelled (m);Mean speed (m/s);Number of steps;Mean step frequency (step/s);Percent of left foot in front;Walked path;Number of areas covered;Average time in area (s);Nbr errors; Nbr wrong areas;Total error time (s);Total error distance (m)A;17,27363;25,30511;1,464956;0;-1;1;10;1,727363;0;0;0;0
ID path;Simulation time (s);Distance travelled (m);Mean speed (m/s);Number of steps;Mean step frequency (step/s);Percent of left foot in front;Walked path;Number of areas covered;Average time in area (s);Nbr errors; Nbr wrong areas;Total error time (s);Total error distance (m)A;51,87643;32,38491;0,6242702;0;-1;1;7;7,410919;1;7;-0,6977708;10,31746
ID path;Simulation time (s);Distance travelled (m);Mean speed (m/s);Number of steps;Mean step frequency (step/s);Percent of left foot in front;Walked path;Number of areas covered;Average time in area (s);Nbr errors; Nbr wrong areas;Total error time (s);Total error distance (m)A;34,82091;20,84898;0,5987488;0;-1;1;11;3,165537;1;10;-2,603424;12,02219
ID path;Simulation time (s);Distance travelled (m);Mean speed (m/s);Number of steps;Mean step frequency (step/s);Percent of left foot in front;Walked path;Number of areas covered;Average time in area (s);Nbr errors; Nbr wrong areas;Total error time (s);Total error distance (m)A;14,39613;7,596301;0,5276626;0;-1;1;3;4,79871;0;0;0;0
ID path;Simulation time (s);Distance travelled (m);Mean speed (m/s);Number of steps;Mean step frequency (step/s);Percent of left foot in front;Walked path;Number of areas covered;Average time in area (s);Nbr errors; Nbr wrong areas;Total error time (s);Total error distance (m)A;45,52913;41,70116;0,9159226;0;-1;1;13;3,502241;1;11;37,24065;13,93406
ID path;Simulation time (s);Distance travelled (m);Mean speed (m/s);Number of steps;Mean step frequency (step/s);Percent of left foot in front;Walked path;Number of areas covered;Average time in area (s);Nbr errors; Nbr wrong areas;Total error time (s);Total error distance (m)A;37,5716;18,27267;0,4863425;0;-1;1;7;5,367371;2;4;-2,566043;3,256927
ID path;Simulation time (s);Distance travelled (m);Mean speed (m/s);Number of steps;Mean step frequency (step/s);Percent of left foot in front;Walked path;Number of areas covered;Average time in area (s);Nbr errors; Nbr wrong areas;Total error time (s);Total error distance (m)A;76,16009;80,00509;1,050486;0;-1;1;29;2,62621;4;24;-9,185272;33,59803
ID path;Simulation time (s);Distance travelled (m);Mean speed (m/s);Number of steps;Mean step frequency (step/s);Percent of left foot in front;Walked path;Number of areas covered;Average time in area (s);Nbr errors; Nbr wrong areas;Total error time (s);Total error distance (m)A;78,79256;56,68915;0,7194734;0;-1;1;17;4,634856;2;15;-1,550163;26,48219
ID path;Simulation time (s);Distance travelled (m);Mean speed (m/s);Number of steps;Mean step frequency (step/s);Percent of left foot in front;Walked path;Number of areas covered;Average time in area (s);Nbr errors; Nbr wrong areas;Total error time (s);Total error distance (m)A;11,42015;7,412945;0,6491113;0;-1;1;4;2,855036;1;3;-4,70717;4,381152
ID path;Simulation time (s);Distance travelled (m);Mean speed (m/s);Number of steps;Mean step frequency (step/s);Percent of left foot in front;Walked path;Number of areas covered;Average time in area (s);Nbr errors; Nbr wrong areas;Total error time (s);Total error distance (m)A;36,61605;5,812104;0,158731;0;-1;1;2;18,30803;0;0;0;0
ID path;Simulation time (s);Distance travelled (m);Mean speed (m/s);Number of steps;Mean step frequency (step/s);Percent of left foot in front;Walked path;Number of areas covered;Average time in area (s);Nbr errors; Nbr wrong areas;Total error time (s);Total error distance (m)A;41,5424;5,987014;0,1441182;0;-1;1;2;20,7712;1;2;-1,532786;4,233839
ID path;Simulation time (s);Distance travelled (m);Mean speed (m/s);Number of steps;Mean step frequency (step/s);Percent of left foot in front;Walked path;Number of areas covered;Average time in area (s);Nbr errors; Nbr wrong areas;Total error time (s);Total error distance (m)A;25,86393;13,47705;0,5210749;0;-1;1;7;3,694848;1;5;-2,503213;5,989421
ID path;Simulation time (s);Distance travelled (m);Mean speed (m/s);Number of steps;Mean step frequency (step/s);Percent of left foot in front;Walked path;Number of areas covered;Average time in area (s);Nbr errors; Nbr wrong areas;Total error time (s);Total error distance (m)A;11,26208;12,09246;1,073732;0;-1;1;5;2,252417;0;0;0;0
ID path;Simulation time (s);Distance travelled (m);Mean speed (m/s);Number of steps;Mean step frequency (step/s);Percent of left foot in front;Walked path;Number of areas covered;Average time in area (s);Nbr errors; Nbr wrong areas;Total error time (s);Total error distance (m)A;20,57092;26,77751;1,301717;0;-1;1;10;2,057092;0;0;0;0
ID path;Simulation time (s);Distance travelled (m);Mean speed (m/s);Number of steps;Mean step frequency (step/s);Percent of left foot in front;Walked path;Number of areas covered;Average time in area (s);Nbr errors; Nbr wrong areas;Total error time (s);Total error distance (m)A;3,513011;1,659777;0,4724655;0;-1;1;1;3,513011;0;0;0;0
ID path;Simulation time (s);Distance travelled (m);Mean speed (m/s);Number of steps;Mean step frequency (step/s);Percent of left foot in front;Walked path;Number of areas covered;Average time in area (s);Nbr errors; Nbr wrong areas;Total error time (s);Total error distance (m)A;8,86453;3,910166;0,4411025;0;-1;1;2;4,432265;0;0;0;0
ID path;Simulation time (s);Distance travelled (m);Mean speed (m/s);Number of steps;Mean step frequency (step/s);Percent of left foot in front;Walked path;Number of areas covered;Average time in area (s);Nbr errors; Nbr wrong areas;Total error time (s);Total error distance (m)A;540,8959;1,604982;0,002967265;0;-1;1;1;540,8959;0;0;0;0
ID path;Simulation time (s);Distance travelled (m);Mean speed (m/s);Number of steps;Mean step frequency (step/s);Percent of left foot in front;Walked path;Number of areas covered;Average time in area (s);Nbr errors; Nbr wrong areas;Total error time (s);Total error distance (m)A;5,262768;1,325296;0,2518248;0;-1;1;1;5,262768;0;0;0;0
ID path;Simulation time (s);Distance travelled (m);Mean speed (m/s);Number of steps;Mean step frequency (step/s);Percent of left foot in front;Walked path;Number of areas covered;Average time in area (s);Nbr errors; Nbr wrong areas;Total error time (s);Total error distance (m)A;12,35386;8,847656;0,7161857;0;-1;1;4;3,088464;0;0;0;0
ID path;Simulation time (s);Distance travelled (m);Mean speed (m/s);Number of steps;Mean step frequency (step/s);Percent of left foot in front;Walked path;Number of areas covered;Average time in area (s);Nbr errors; Nbr wrong areas;Total error time (s);Total error distance (m)A;11,31464;6,798484;0,6008574;0;-1;1;2;5,657319;0;0;0;0
ID path;Simulation time (s);Distance travelled (m);Mean speed (m/s);Number of steps;Mean step frequency (step/s);Percent of left foot in front;Walked path;Number of areas covered;Average time in area (s);Nbr errors; Nbr wrong areas;Total error time (s);Total error distance (m)A;4,014842;3,494605;0,8704216;0;-1;1;2;2,007421;0;0;0;0
ID path;Simulation time (s);Distance travelled (m);Mean speed (m/s);Number of steps;Mean step frequency (step/s);Percent of left foot in front;Walked path;Number of areas covered;Average time in area (s);Nbr errors; Nbr wrong areas;Total error time (s);Total error distance (m)A;25,10018;17,1642;0,6838278;0;-1;1;7;3,58574;0;0;0;0
ID path;Simulation time (s);Distance travelled (m);Mean speed (m/s);Number of steps;Mean step frequency (step/s);Percent of left foot in front;Walked path;Number of areas covered;Average time in area (s);Nbr errors; Nbr wrong areas;Total error time (s);Total error distance (m)A;22,90988;23,48613;1,025153;0;-1;1;10;2,290988;0;0;0;0
ID path;Simulation time (s);Distance travelled (m);Mean speed (m/s);Number of steps;Mean step frequency (step/s);Percent of left foot in front;Walked path;Number of areas covered;Average time in area (s);Nbr errors; Nbr wrong areas;Total error time (s);Total error distance (m)A;2,254216;1,469938;0,6520841;0;-1;1;1;2,254216;0;0;0;0
ID path;Simulation time (s);Distance travelled (m);Mean speed (m/s);Number of steps;Mean step frequency (step/s);Percent of left foot in front;Walked path;Number of areas covered;Average time in area (s);Nbr errors; Nbr wrong areas;Total error time (s);Total error distance (m)A;23,69159;7,682005;0,3242503;0;-1;1;4;5,922898;0;0;0;0
ID path;Simulation time (s);Distance travelled (m);Mean speed (m/s);Number of steps;Mean step frequency (step/s);Percent of left foot in front;Walked path;Number of areas covered;Average time in area (s);Nbr errors; Nbr wrong areas;Total error time (s);Total error distance (m)A;41,0788;6,568536;0,1599009;0;-1;1;3;13,69293;0;0;0;0
ID path;Simulation time (s);Distance travelled (m);Mean speed (m/s);Number of steps;Mean step frequency (step/s);Percent of left foot in front;Walked path;Number of areas covered;Average time in area (s);Nbr errors; Nbr wrong areas;Total error time (s);Total error distance (m)A;9,820351;3,051377;0,3107197;0;-1;1;2;4,910175;0;0;0;0
ID path;Simulation time (s);Distance travelled (m);Mean speed (m/s);Number of steps;Mean step frequency (step/s);Percent of left foot in front;Walked path;Number of areas covered;Average time in area (s);Nbr errors; Nbr wrong areas;Total error time (s);Total error distance (m)A;12,87114;3,328708;0,2586179;0;-1;1;2;6,43557;0;0;0;0
ID path;Simulation time (s);Distance travelled (m);Mean speed (m/s);Number of steps;Mean step frequency (step/s);Percent of left foot in front;Walked path;Number of areas covered;Average time in area (s);Nbr errors; Nbr wrong areas;Total error time (s);Total error distance (m)A;11,67353;3,432474;0,294039;0;-1;1;2;5,836767;0;0;0;0
ID path;Simulation time (s);Distance travelled (m);Mean speed (m/s);Number of steps;Mean step frequency (step/s);Percent of left foot in front;Walked path;Number of areas covered;Average time in area (s);Nbr errors; Nbr wrong areas;Total error time (s);Total error distance (m)A;6,774823;4,575904;0,6754279;0;-1;1;2;3,387411;0;0;0;0
ID path;Simulation time (s);Distance travelled (m);Mean speed (m/s);Number of steps;Mean step frequency (step/s);Percent of left foot in front;Walked path;Number of areas covered;Average time in area (s);Nbr errors; Nbr wrong areas;Total error time (s);Total error distance (m)A;5,766616;3,463724;0,600651;0;-1;1;2;2,883308;0;0;0;0
ID path;Simulation time (s);Distance travelled (m);Mean speed (m/s);Number of steps;Mean step frequency (step/s);Percent of left foot in front;Walked path;Number of areas covered;Average time in area (s);Nbr errors; Nbr wrong areas;Total error time (s);Total error distance (m)A;6,526361;3,736846;0,5725774;0;-1;1;2;3,26318;0;0;0;0
ID path;Simulation time (s);Distance travelled (m);Mean speed (m/s);Number of steps;Mean step frequency (step/s);Percent of left foot in front;Walked path;Number of areas covered;Average time in area (s);Nbr errors; Nbr wrong areas;Total error time (s);Total error distance (m)A;24,09685;9,620823;0,3992565;0;-1;1;4;6,024211;0;0;0;0
ID path;Simulation time (s);Distance travelled (m);Mean speed (m/s);Number of steps;Mean step frequency (step/s);Percent of left foot in front;Walked path;Number of areas covered;Average time in area (s);Nbr errors; Nbr wrong areas;Total error time (s);Total error distance (m)A;17,35211;12,7018;0,7320034;0;-1;1;5;3,470422;0;0;0;0
ID path;Simulation time (s);Distance travelled (m);Mean speed (m/s);Number of steps;Mean step frequency (step/s);Percent of left foot in front;Walked path;Number of areas covered;Average time in area (s);Nbr errors; Nbr wrong areas;Total error time (s);Total error distance (m)A;4,618811;3,958685;0,8570788;0;-1;1;2;2,309406;0;0;0;0
ID path;Simulation time (s);Distance travelled (m);Mean speed (m/s);Number of steps;Mean step frequency (step/s);Percent of left foot in front;Walked path;Number of areas covered;Average time in area (s);Nbr errors; Nbr wrong areas;Total error time (s);Total error distance (m)A;6,453205;3,536623;0,5480413;0;-1;1;2;3,226603;0;0;0;0
ID path;Simulation time (s);Distance travelled (m);Mean speed (m/s);Number of steps;Mean step frequency (step/s);Percent of left foot in front;Walked path;Number of areas covered;Average time in area (s);Nbr errors; Nbr wrong areas;Total error time (s);Total error distance (m)A;4,993448;3,092327;0,6192769;0;-1;1;2;2,496724;0;0;0;0
ID path;Simulation time (s);Distance travelled (m);Mean speed (m/s);Number of steps;Mean step frequency (step/s);Percent of left foot in front;Walked path;Number of areas covered;Average time in area (s);Nbr errors; Nbr wrong areas;Total error time (s);Total error distance (m)A;7,954979;3,616163;0,4545786;0;-1;1;2;3,977489;0;0;0;0
ID path;Simulation time (s);Distance travelled (m);Mean speed (m/s);Number of steps;Mean step frequency (step/s);Percent of left foot in front;Walked path;Number of areas covered;Average time in area (s);Nbr errors; Nbr wrong areas;Total error time (s);Total error distance (m)A;6,626273;3,786203;0,5713925;0;-1;1;2;3,313137;0;0;0;0
ID path;Simulation time (s);Distance travelled (m);Mean speed (m/s);Number of steps;Mean step frequency (step/s);Percent of left foot in front;Walked path;Number of areas covered;Average time in area (s);Nbr errors; Nbr wrong areas;Total error time (s);Total error distance (m)A;12,0782;5,797938;0,4800334;0;-1;1;3;4,026066;0;0;0;0
ID path;Simulation time (s);Distance travelled (m);Mean speed (m/s);Number of steps;Mean step frequency (step/s);Percent of left foot in front;Walked path;Number of areas covered;Average time in area (s);Nbr errors; Nbr wrong areas;Total error time (s);Total error distance (m)A;26,60963;11,15521;0,419217;0;-1;1;5;5,321926;0;0;0;0
ID path;Simulation time (s);Distance travelled (m);Mean speed (m/s);Number of steps;Mean step frequency (step/s);Percent of left foot in front;Walked path;Number of areas covered;Average time in area (s);Nbr errors; Nbr wrong areas;Total error time (s);Total error distance (m)A;25,77266;18,3066;0,7103108;0;-1;1;6;4,295444;1;1;-22,43369;0
ID path;Simulation time (s);Distance travelled (m);Mean speed (m/s);Number of steps;Mean step frequency (step/s);Percent of left foot in front;Walked path;Number of areas covered;Average time in area (s);Nbr errors; Nbr wrong areas;Total error time (s);Total error distance (m)A;7,483763;6,816818;0,910881;0;-1;1;3;2,494588;1;1;-3,56549;0
ID path;Simulation time (s);Distance travelled (m);Mean speed (m/s);Number of steps;Mean step frequency (step/s);Percent of left foot in front;Walked path;Number of areas covered;Average time in area (s);Nbr errors; Nbr wrong areas;Total error time (s);Total error distance (m)A;37,76205;20,12579;0,5329635;0;-1;1;8;4,720256;0;0;0;0
ID path;Simulation time (s);Distance travelled (m);Mean speed (m/s);Number of steps;Mean step frequency (step/s);Percent of left foot in front;Walked path;Number of areas covered;Average time in area (s);Nbr errors; Nbr wrong areas;Total error time (s);Total error distance (m)A;13,17467;8,756161;0,6646207;0;-1;1;3;4,391558;1;1;-7,356766;0
ID path;Simulation time (s);Distance travelled (m);Mean speed (m/s);Number of steps;Mean step frequency (step/s);Percent of left foot in front;Walked path;Number of areas covered;Average time in area (s);Nbr errors; Nbr wrong areas;Total error time (s);Total error distance (m)A;12,29198;8,290449;0,6744601;0;-1;1;3;4,097326;1;1;-6,350598;0
ID path;Simulation time (s);Distance travelled (m);Mean speed (m/s);Number of steps;Mean step frequency (step/s);Percent of left foot in front;Walked path;Number of areas covered;Average time in area (s);Nbr errors; Nbr wrong areas;Total error time (s);Total error distance (m)A;19,53171;6,924512;0,3545267;0;-1;1;3;6,510569;1;1;-9,462616;0
ID path;Simulation time (s);Distance travelled (m);Mean speed (m/s);Number of steps;Mean step frequency (step/s);Percent of left foot in front;Walked path;Number of areas covered;Average time in area (s);Nbr errors; Nbr wrong areas;Total error time (s);Total error distance (m)A;29,79451;11,96402;0,4015511;0;-1;1;5;5,958903;1;1;5,949675;0
ID path;Simulation time (s);Distance travelled (m);Mean speed (m/s);Number of steps;Mean step frequency (step/s);Percent of left foot in front;Walked path;Number of areas covered;Average time in area (s);Nbr errors; Nbr wrong areas;Total error time (s);Total error distance (m)A;18,34721;8,562099;0,4666704;0;-1;1;4;4,586802;0;0;0;0
ID path;Simulation time (s);Distance travelled (m);Mean speed (m/s);Number of steps;Mean step frequency (step/s);Percent of left foot in front;Walked path;Number of areas covered;Average time in area (s);Nbr errors; Nbr wrong areas;Total error time (s);Total error distance (m)A;55,86527;28,74883;0,51461;0;-1;1;9;6,207252;1;1;2,175598;0
ID path;Simulation time (s);Distance travelled (m);Mean speed (m/s);Number of steps;Mean step frequency (step/s);Percent of left foot in front;Walked path;Number of areas covered;Average time in area (s);Nbr errors; Nbr wrong areas;Total error time (s);Total error distance (m)A;31,75088;13,18839;0,4153709;0;-1;1;6;5,291814;1;1;6,464684;0
ID path;Simulation time (s);Distance travelled (m);Mean speed (m/s);Number of steps;Mean step frequency (step/s);Percent of left foot in front;Walked path;Number of areas covered;Average time in area (s);Nbr errors; Nbr wrong areas;Total error time (s);Total error distance (m)A;21,88674;13,36403;0,6105995;0;-1;1;5;4,377347;0;0;0;0
ID path;Simulation time (s);Distance travelled (m);Mean speed (m/s);Number of steps;Mean step frequency (step/s);Percent of left foot in front;Walked path;Number of areas covered;Average time in area (s);Nbr errors; Nbr wrong areas;Total error time (s);Total error distance (m)A;29,5079;19,93989;0,6757475;0;-1;1;7;4,215415;0;0;0;0
ID path;Simulation time (s);Distance travelled (m);Mean speed (m/s);Number of steps;Mean step frequency (step/s);Percent of left foot in front;Walked path;Number of areas covered;Average time in area (s);Nbr errors; Nbr wrong areas;Total error time (s);Total error distance (m)A;13,52098;9,686221;0,7163846;0;-1;1;4;3,380245;0;0;0;0
ID path;Simulation time (s);Distance travelled (m);Mean speed (m/s);Number of steps;Mean step frequency (step/s);Percent of left foot in front;Walked path;Number of areas covered;Average time in area (s);Nbr errors; Nbr wrong areas;Total error time (s);Total error distance (m)A;31,75174;18,88346;0,5947222;0;-1;1;6;5,291956;1;1;-25,3531;0
ID path;Simulation time (s);Distance travelled (m);Mean speed (m/s);Number of steps;Mean step frequency (step/s);Percent of left foot in front;Walked path;Number of areas covered;Average time in area (s);Nbr errors; Nbr wrong areas;Total error time (s);Total error distance (m)A;20,22152;10,11056;0,4999899;0;-1;1;4;5,05538;1;2;-7,020722;2,462296
ID path;Simulation time (s);Distance travelled (m);Mean speed (m/s);Number of steps;Mean step frequency (step/s);Percent of left foot in front;Walked path;Number of areas covered;Average time in area (s);Nbr errors; Nbr wrong areas;Total error time (s);Total error distance (m)A;24,48223;12,74652;0,5206439;0;-1;1;5;4,896445;1;2;11,79926;2,589298
ID path;Simulation time (s);Distance travelled (m);Mean speed (m/s);Number of steps;Mean step frequency (step/s);Percent of left foot in front;Walked path;Number of areas covered;Average time in area (s);Nbr errors; Nbr wrong areas;Total error time (s);Total error distance (m)A;8,748232;6,505462;0,7436316;0;-1;1;3;2,916077;0;0;0;0
ID path;Simulation time (s);Distance travelled (m);Mean speed (m/s);Number of steps;Mean step frequency (step/s);Percent of left foot in front;Walked path;Number of areas covered;Average time in area (s);Nbr errors; Nbr wrong areas;Total error time (s);Total error distance (m)A;46,50317;1,960639;0,04216142;0;-1;1;1;46,50317;0;0;0;0
ID path;Simulation time (s);Distance travelled (m);Mean speed (m/s);Number of steps;Mean step frequency (step/s);Percent of left foot in front;Walked path;Number of areas covered;Average time in area (s);Nbr errors; Nbr wrong areas;Total error time (s);Total error distance (m)A;56,46807;23,97856;0,4246393;0;-1;1;7;8,066867;1;5;-32,54166;5,458604
ID path;Simulation time (s);Distance travelled (m);Mean speed (m/s);Number of steps;Mean step frequency (step/s);Percent of left foot in front;Walked path;Number of areas covered;Average time in area (s);Nbr errors; Nbr wrong areas;Total error time (s);Total error distance (m)A;0;0;0;0;-1;NaN;1;0;0;0;0;0
ID path;Simulation time (s);Distance travelled (m);Mean speed (m/s);Number of steps;Mean step frequency (step/s);Percent of left foot in front;Walked path;Number of areas covered;Average time in area (s);Nbr errors; Nbr wrong areas;Total error time (s);Total error distance (m)A;0;0;0;0;-1;NaN;1;0;0;0;0;0
ID path;Simulation time (s);Distance travelled (m);Mean speed (m/s);Number of steps;Mean step frequency (step/s);Percent of left foot in front;Walked path;Number of areas covered;Average time in area (s);Nbr errors; Nbr wrong areas;Total error time (s);Total error distance (m)A;0;0;0;0;-1;NaN;2;0;0;0;0;0
